{
    "aliyun_date": "2021/09/02 09:37:42",
    "code": 0,
    "data": [
        {
            "current": 7751.3,
            "dailyChangRate": "-0.79%",
            "dailyChangValue": -61.7,
            "dealMoney": 0.0,
            "indexArea": "澳洲",
            "indexCode": "AORD",
            "indexName": "澳大利亚",
            "lastClose": 7813.0,
            "sequence": 0
        },
        {
            "current": 13211.88,
            "dailyChangRate": "-0.24%",
            "dailyChangValue": -31.61,
            "dealMoney": 0.0,
            "indexArea": "澳洲",
            "indexCode": "NZ50",
            "indexName": "新西兰",
            "lastClose": 13243.49,
            "sequence": 1
        }
    ],
    "duration": 0.1203,
    "isCache": false,
    "msg": "success"
}