{
    "aliyun_date": "2021/09/02 09:38:26",
    "code": 0,
    "data": [
        {
            "current": 6084.22,
            "dailyChangRate": "0.07%",
            "dailyChangValue": 4.04,
            "dealMoney": 165414506496.0,
            "indexArea": "中国",
            "indexCode": "399317",
            "indexName": "国证A指",
            "lastClose": 6080.18,
            "sequence": 0
        },
        {
            "current": 3574.82,
            "dailyChangRate": "0.22%",
            "dailyChangValue": 7.72,
            "dealMoney": 82683904000.0,
            "indexArea": "中国",
            "indexCode": "000001",
            "indexName": "上证指数",
            "lastClose": 3567.1,
            "sequence": 1
        },
        {
            "current": 14302.22,
            "dailyChangRate": "-0.08%",
            "dailyChangValue": -11.87,
            "dealMoney": 90783703040.0,
            "indexArea": "中国",
            "indexCode": "399001",
            "indexName": "深证成指",
            "lastClose": 14314.09,
            "sequence": 2
        },
        {
            "current": 3186.44,
            "dailyChangRate": "-0.01%",
            "dailyChangValue": -0.41,
            "dealMoney": 30183479808.0,
            "indexArea": "中国",
            "indexCode": "399006",
            "indexName": "创业板指",
            "lastClose": 3186.85,
            "sequence": 3
        },
        {
            "current": 1418.53,
            "dailyChangRate": "-0.43%",
            "dailyChangValue": -6.13,
            "dealMoney": 4622924800.0,
            "indexArea": "中国",
            "indexCode": "000688",
            "indexName": "科创50",
            "lastClose": 1424.66,
            "sequence": 4
        },
        {
            "current": 5358.69,
            "dailyChangRate": "-0.04%",
            "dailyChangValue": -2.33,
            "dealMoney": 7196465920.0,
            "indexArea": "中国",
            "indexCode": "000922",
            "indexName": "中证红利",
            "lastClose": 5361.02,
            "sequence": 5
        },
        {
            "current": 3174.31,
            "dailyChangRate": "0.29%",
            "dailyChangValue": 9.27,
            "dealMoney": 16569265152.0,
            "indexArea": "中国",
            "indexCode": "000016",
            "indexName": "上证50",
            "lastClose": 3165.04,
            "sequence": 6
        },
        {
            "current": 4875.87,
            "dailyChangRate": "0.13%",
            "dailyChangValue": 6.41,
            "dealMoney": 56032522496.0,
            "indexArea": "中国",
            "indexCode": "000300",
            "indexName": "沪深300",
            "lastClose": 4869.46,
            "sequence": 7
        },
        {
            "current": 7213.61,
            "dailyChangRate": "0.29%",
            "dailyChangValue": 20.51,
            "dealMoney": 32573958144.0,
            "indexArea": "中国",
            "indexCode": "399905",
            "indexName": "中证500",
            "lastClose": 7193.1,
            "sequence": 8
        },
        {
            "current": 7590.1,
            "dailyChangRate": "-0.22%",
            "dailyChangValue": -16.77,
            "dealMoney": 38212688384.0,
            "indexArea": "中国",
            "indexCode": "000852",
            "indexName": "中证1000",
            "lastClose": 7606.87,
            "sequence": 9
        },
        {
            "current": 5634.81,
            "dailyChangRate": "0.08%",
            "dailyChangValue": 4.7,
            "dealMoney": 9049505536.0,
            "indexArea": "中国",
            "indexCode": "000989",
            "indexName": "全指可选",
            "lastClose": 5630.11,
            "sequence": 10
        },
        {
            "current": 18593.27,
            "dailyChangRate": "-0.45%",
            "dailyChangValue": -83.87,
            "dealMoney": 6828133888.0,
            "indexArea": "中国",
            "indexCode": "000990",
            "indexName": "全指消费",
            "lastClose": 18677.14,
            "sequence": 11
        },
        {
            "current": 28772.95,
            "dailyChangRate": "-0.39%",
            "dailyChangValue": -112.17,
            "dealMoney": 5347147008.0,
            "indexArea": "中国",
            "indexCode": "000807",
            "indexName": "食品饮料",
            "lastClose": 28885.12,
            "sequence": 12
        },
        {
            "current": 13462.61,
            "dailyChangRate": "0.00%",
            "dailyChangValue": 0.53,
            "dealMoney": 7071743488.0,
            "indexArea": "中国",
            "indexCode": "000991",
            "indexName": "全指医药",
            "lastClose": 13462.08,
            "sequence": 13
        },
        {
            "current": 5648.96,
            "dailyChangRate": "0.28%",
            "dailyChangValue": 15.96,
            "dealMoney": 15838195456.0,
            "indexArea": "中国",
            "indexCode": "000992",
            "indexName": "全指金融",
            "lastClose": 5633.0,
            "sequence": 14
        },
        {
            "current": 6899.76,
            "dailyChangRate": "-0.44%",
            "dailyChangValue": -30.35,
            "dealMoney": 16845669376.0,
            "indexArea": "中国",
            "indexCode": "000993",
            "indexName": "全指信息",
            "lastClose": 6930.11,
            "sequence": 15
        },
        {
            "current": 13490.4,
            "dailyChangRate": "-0.95%",
            "dailyChangValue": -129.89,
            "dealMoney": 3601168400.0,
            "indexArea": "中国",
            "indexCode": "399967",
            "indexName": "中证军工",
            "lastClose": 13620.29,
            "sequence": 16
        },
        {
            "current": 870.38,
            "dailyChangRate": "0.17%",
            "dailyChangValue": 1.48,
            "dealMoney": 9194731520.0,
            "indexArea": "中国",
            "indexCode": "399975",
            "indexName": "证券公司",
            "lastClose": 868.9,
            "sequence": 17
        },
        {
            "current": 6410.56,
            "dailyChangRate": "0.71%",
            "dailyChangValue": 44.94,
            "dealMoney": 3168223568.0,
            "indexArea": "中国",
            "indexCode": "399986",
            "indexName": "中证银行",
            "lastClose": 6365.62,
            "sequence": 18
        },
        {
            "current": 7836.24,
            "dailyChangRate": "-0.06%",
            "dailyChangValue": -4.96,
            "dealMoney": 6801374464.0,
            "indexArea": "中国",
            "indexCode": "399812",
            "indexName": "养老产业",
            "lastClose": 7841.2,
            "sequence": 19
        },
        {
            "current": 1092.13,
            "dailyChangRate": "0.40%",
            "dailyChangValue": 4.35,
            "dealMoney": 2442053104.0,
            "indexArea": "中国",
            "indexCode": "399971",
            "indexName": "中证传媒",
            "lastClose": 1087.78,
            "sequence": 20
        },
        {
            "current": 2748.78,
            "dailyChangRate": "1.19%",
            "dailyChangValue": 32.2,
            "dealMoney": 15265501696.0,
            "indexArea": "中国",
            "indexCode": "000827",
            "indexName": "中证环保",
            "lastClose": 2716.58,
            "sequence": 21
        },
        {
            "current": 189.19,
            "dailyChangRate": "0.01%",
            "dailyChangValue": 0.02,
            "dealMoney": 4607122.0,
            "indexArea": "中国",
            "indexCode": "000012",
            "indexName": "国债指数",
            "lastClose": 189.17,
            "sequence": 22
        },
        {
            "current": 412.24,
            "dailyChangRate": "0.42%",
            "dailyChangValue": 1.74,
            "dealMoney": 4788653056.0,
            "indexArea": "中国",
            "indexCode": "000832",
            "indexName": "中证转债",
            "lastClose": 410.5,
            "sequence": 23
        },
        {
            "current": 10233.6,
            "dailyChangRate": "1.87%",
            "dailyChangValue": 187.73,
            "dealMoney": 6651422720.0,
            "indexArea": "中国",
            "indexCode": "H30533",
            "indexName": "海外互联",
            "lastClose": 10045.87,
            "sequence": 24
        },
        {
            "current": 26279.65,
            "dailyChangRate": "0.97%",
            "dailyChangValue": 251.36,
            "dealMoney": 22610941952.0,
            "indexArea": "中国",
            "indexCode": "HSI",
            "indexName": "恒生指数",
            "lastClose": 26028.29,
            "sequence": 25
        },
        {
            "current": 6882.37,
            "dailyChangRate": "2.82%",
            "dailyChangValue": 188.71,
            "dealMoney": 9438175232.0,
            "indexArea": "中国",
            "indexCode": "HSTECH",
            "indexName": "恒生科技",
            "lastClose": 6693.66,
            "sequence": 26
        },
        {
            "current": 9412.96,
            "dailyChangRate": "1.53%",
            "dailyChangValue": 141.64,
            "dealMoney": 11840721408.0,
            "indexArea": "中国",
            "indexCode": "HSCEI",
            "indexName": "国企指数",
            "lastClose": 9271.32,
            "sequence": 27
        }
    ],
    "duration": 0.1075,
    "isCache": false,
    "msg": "success"
}