{
    "aliyun_date": "2021/09/02 09:37:43",
    "code": 0,
    "data": [
        {
            "name": "沪深成交",
            "symbol": "hslscje",
            "value": [
                {
                    "name": "沪",
                    "value": 773.6
                },
                {
                    "name": "深",
                    "value": 849.2
                },
                {
                    "name": "总",
                    "value": 1622.8000000000002
                }
            ]
        },
        {
            "name": "融资融券",
            "symbol": "rzrqye",
            "value": [
                {
                    "name": "资",
                    "value": 17080.1
                },
                {
                    "name": "券",
                    "value": 1655.2
                },
                {
                    "name": "总",
                    "value": 18735.3
                }
            ]
        },
        {
            "name": "沪深资金",
            "symbol": "hszjjlr",
            "value": [
                {
                    "name": "小",
                    "value": "+24.8"
                },
                {
                    "name": "中",
                    "value": "+2.6"
                },
                {
                    "name": "主",
                    "value": "-27.4"
                }
            ]
        },
        {
            "name": "北向资金",
            "symbol": "bxzjjlr",
            "value": [
                {
                    "name": "沪",
                    "value": "+12.3"
                },
                {
                    "name": "深",
                    "value": "+1.3"
                },
                {
                    "name": "总",
                    "value": "+13.5"
                }
            ]
        },
        {
            "name": "南向资金",
            "symbol": "nxzjjlr",
            "value": [
                {
                    "name": "沪",
                    "value": "+0.9"
                },
                {
                    "name": "深",
                    "value": "+8.2"
                },
                {
                    "name": "总",
                    "value": "+9.1"
                }
            ]
        },
        {
            "name": "行业资金净流入（亿）",
            "symbol": "hyzjjlr",
            "value": {
                "money_in": [
                    {
                        "name": "银行",
                        "value": 2.2
                    },
                    {
                        "name": "汽车行业",
                        "value": 1.3
                    },
                    {
                        "name": "券商信托",
                        "value": 1.0
                    },
                    {
                        "name": "医疗行业",
                        "value": 0.8
                    },
                    {
                        "name": "仪器仪表",
                        "value": 0.7
                    }
                ],
                "money_out": [
                    {
                        "name": "机械行业",
                        "value": -4.9
                    },
                    {
                        "name": "有色金属",
                        "value": -4.2
                    },
                    {
                        "name": "化工行业",
                        "value": -3.0
                    },
                    {
                        "name": "电子元件",
                        "value": -2.0
                    },
                    {
                        "name": "软件服务",
                        "value": -2.0
                    }
                ]
            }
        }
    ],
    "duration": 1.153,
    "isCache": false,
    "msg": "success"
}