{
    "aliyun_date": "2021/09/02 09:37:42",
    "code": 0,
    "data": [
        {
            "current": 47413.46,
            "dailyChangRate": "-0.01%",
            "dailyChangValue": -6.28,
            "dealMoney": 0.0,
            "indexArea": "亚洲",
            "indexCode": "KSE100",
            "indexName": "巴基斯坦",
            "lastClose": 47419.74,
            "sequence": 0
        },
        {
            "current": 9163.13,
            "dailyChangRate": "1.84%",
            "dailyChangValue": 165.53,
            "dealMoney": 0.0,
            "indexArea": "亚洲",
            "indexCode": "CSEALL",
            "indexName": "斯里兰卡",
            "lastClose": 8997.6,
            "sequence": 1
        },
        {
            "current": 57338.21,
            "dailyChangRate": "-0.37%",
            "dailyChangValue": -214.18,
            "dealMoney": 0.0,
            "indexArea": "亚洲",
            "indexCode": "SENSEX",
            "indexName": "印度",
            "lastClose": 57552.39,
            "sequence": 2
        },
        {
            "current": 1634.48,
            "dailyChangRate": "-0.26%",
            "dailyChangValue": -4.27,
            "dealMoney": 0.0,
            "indexArea": "亚洲",
            "indexCode": "SET",
            "indexName": "泰国",
            "lastClose": 1638.75,
            "sequence": 3
        },
        {
            "current": 6090.93,
            "dailyChangRate": "-0.97%",
            "dailyChangValue": -59.37,
            "dealMoney": 0.0,
            "indexArea": "亚洲",
            "indexCode": "JKSE",
            "indexName": "印尼",
            "lastClose": 6150.3,
            "sequence": 4
        },
        {
            "current": 1334.65,
            "dailyChangRate": "0.24%",
            "dailyChangValue": 3.18,
            "dealMoney": 0.0,
            "indexArea": "亚洲",
            "indexCode": "VNINDEX",
            "indexName": "越南",
            "lastClose": 1331.47,
            "sequence": 5
        },
        {
            "current": 6785.94,
            "dailyChangRate": "-1.01%",
            "dailyChangValue": -69.5,
            "dealMoney": 0.0,
            "indexArea": "亚洲",
            "indexCode": "PSI",
            "indexName": "菲律宾",
            "lastClose": 6855.44,
            "sequence": 6
        },
        {
            "current": 3092.73,
            "dailyChangRate": "0.16%",
            "dailyChangValue": 4.89,
            "dealMoney": 0.0,
            "indexArea": "亚洲",
            "indexCode": "STI",
            "indexName": "新加坡",
            "lastClose": 3087.84,
            "sequence": 7
        },
        {
            "current": 1589.66,
            "dailyChangRate": "0.17%",
            "dailyChangValue": 2.77,
            "dealMoney": 0.0,
            "indexArea": "亚洲",
            "indexCode": "KLSE",
            "indexName": "马来西亚",
            "lastClose": 1586.89,
            "sequence": 8
        },
        {
            "current": 17497.1,
            "dailyChangRate": "0.13%",
            "dailyChangValue": 23.11,
            "dealMoney": 0.0,
            "indexArea": "亚洲",
            "indexCode": "TWII",
            "indexName": "中国台湾",
            "lastClose": 17473.99,
            "sequence": 9
        },
        {
            "current": 28482.5,
            "dailyChangRate": "0.11%",
            "dailyChangValue": 31.48,
            "dealMoney": 0.0,
            "indexArea": "亚洲",
            "indexCode": "N225",
            "indexName": "日本",
            "lastClose": 28451.02,
            "sequence": 10
        },
        {
            "current": 3190.56,
            "dailyChangRate": "-0.51%",
            "dailyChangValue": -16.46,
            "dealMoney": 0.0,
            "indexArea": "亚洲",
            "indexCode": "KS11",
            "indexName": "韩国",
            "lastClose": 3207.02,
            "sequence": 11
        }
    ],
    "duration": 0.1223,
    "isCache": false,
    "msg": "success"
}