{
    "aliyun_date": "2021/09/02 09:35:42",
    "code": 0,
    "data": [
        {
            "current": 918.06,
            "dailyChangRate": "-0.55%",
            "dailyChangValue": -5.09,
            "dealMoney": 0.0,
            "indexArea": "欧洲",
            "indexCode": "ASE",
            "indexName": "希腊",
            "lastClose": 923.15,
            "sequence": 0
        },
        {
            "current": 2475.8,
            "dailyChangRate": "-0.44%",
            "dailyChangValue": -10.97,
            "dealMoney": 0.0,
            "indexArea": "欧洲",
            "indexCode": "ICEXI",
            "indexName": "冰岛",
            "lastClose": 2486.77,
            "sequence": 1
        },
        {
            "current": 3633.08,
            "dailyChangRate": "0.37%",
            "dailyChangValue": 13.39,
            "dealMoney": 0.0,
            "indexArea": "欧洲",
            "indexCode": "ATX",
            "indexName": "奥地利",
            "lastClose": 3619.69,
            "sequence": 2
        },
        {
            "current": 790.0,
            "dailyChangRate": "0.30%",
            "dailyChangValue": 2.38,
            "dealMoney": 0.0,
            "indexArea": "欧洲",
            "indexCode": "AEX",
            "indexName": "荷兰",
            "lastClose": 787.62,
            "sequence": 3
        },
        {
            "current": 12432.79,
            "dailyChangRate": "0.17%",
            "dailyChangValue": 21.68,
            "dealMoney": 0.0,
            "indexArea": "欧洲",
            "indexCode": "SSMI",
            "indexName": "瑞士",
            "lastClose": 12411.11,
            "sequence": 4
        },
        {
            "current": 13235.29,
            "dailyChangRate": "0.37%",
            "dailyChangValue": 49.2,
            "dealMoney": 0.0,
            "indexArea": "欧洲",
            "indexCode": "HEX",
            "indexName": "芬兰",
            "lastClose": 13186.09,
            "sequence": 5
        },
        {
            "current": 26181.66,
            "dailyChangRate": "0.66%",
            "dailyChangValue": 172.37,
            "dealMoney": 0.0,
            "indexArea": "欧洲",
            "indexCode": "MIB",
            "indexName": "意大利",
            "lastClose": 26009.29,
            "sequence": 6
        },
        {
            "current": 7149.84,
            "dailyChangRate": "0.42%",
            "dailyChangValue": 30.14,
            "dealMoney": 0.0,
            "indexArea": "欧洲",
            "indexCode": "FTSE",
            "indexName": "英国",
            "lastClose": 7119.7,
            "sequence": 7
        },
        {
            "current": 5472.53,
            "dailyChangRate": "1.02%",
            "dailyChangValue": 55.45,
            "dealMoney": 0.0,
            "indexArea": "欧洲",
            "indexCode": "PSI20",
            "indexName": "葡萄牙",
            "lastClose": 5417.08,
            "sequence": 8
        },
        {
            "current": 15824.29,
            "dailyChangRate": "-0.07%",
            "dailyChangValue": -10.8,
            "dealMoney": 2870951168.0,
            "indexArea": "欧洲",
            "indexCode": "GDAXI",
            "indexName": "德国",
            "lastClose": 15835.09,
            "sequence": 9
        },
        {
            "current": 8779.59,
            "dailyChangRate": "-0.08%",
            "dailyChangValue": -7.34,
            "dealMoney": 0.0,
            "indexArea": "欧洲",
            "indexCode": "ISEQ",
            "indexName": "爱尔兰",
            "lastClose": 8786.93,
            "sequence": 10
        },
        {
            "current": 1290.25,
            "dailyChangRate": "0.48%",
            "dailyChangValue": 6.1,
            "dealMoney": 0.0,
            "indexArea": "欧洲",
            "indexCode": "PX",
            "indexName": "捷克",
            "lastClose": 1284.15,
            "sequence": 11
        },
        {
            "current": 4322.24,
            "dailyChangRate": "0.31%",
            "dailyChangValue": 13.32,
            "dealMoney": 0.0,
            "indexArea": "欧洲",
            "indexCode": "BFX",
            "indexName": "比利时",
            "lastClose": 4308.92,
            "sequence": 12
        },
        {
            "current": 6758.69,
            "dailyChangRate": "1.18%",
            "dailyChangValue": 78.51,
            "dealMoney": 0.0,
            "indexArea": "欧洲",
            "indexCode": "FCHI",
            "indexName": "法国",
            "lastClose": 6680.18,
            "sequence": 13
        },
        {
            "current": 2368.67,
            "dailyChangRate": "0.74%",
            "dailyChangValue": 17.42,
            "dealMoney": 0.0,
            "indexArea": "欧洲",
            "indexCode": "OMXSPI",
            "indexName": "瑞典",
            "lastClose": 2351.25,
            "sequence": 14
        },
        {
            "current": 1810.55,
            "dailyChangRate": "0.61%",
            "dailyChangValue": 10.91,
            "dealMoney": 0.0,
            "indexArea": "欧洲",
            "indexCode": "OMXC20",
            "indexName": "丹麦",
            "lastClose": 1799.64,
            "sequence": 15
        },
        {
            "current": 70995.66,
            "dailyChangRate": "0.09%",
            "dailyChangValue": 65.51,
            "dealMoney": 0.0,
            "indexArea": "欧洲",
            "indexCode": "WIG",
            "indexName": "波兰",
            "lastClose": 70930.15,
            "sequence": 16
        },
        {
            "current": 1149.73,
            "dailyChangRate": "0.41%",
            "dailyChangValue": 4.64,
            "dealMoney": 0.0,
            "indexArea": "欧洲",
            "indexCode": "OSEBX",
            "indexName": "挪威",
            "lastClose": 1145.09,
            "sequence": 17
        },
        {
            "current": 8991.5,
            "dailyChangRate": "1.64%",
            "dailyChangValue": 144.9,
            "dealMoney": 0.0,
            "indexArea": "欧洲",
            "indexCode": "IBEX",
            "indexName": "西班牙",
            "lastClose": 8846.6,
            "sequence": 18
        },
        {
            "current": 1715.09,
            "dailyChangRate": "1.84%",
            "dailyChangValue": 30.93,
            "dealMoney": 0.0,
            "indexArea": "欧洲",
            "indexCode": "RTS",
            "indexName": "俄罗斯",
            "lastClose": 1684.16,
            "sequence": 19
        }
    ],
    "duration": 0.5272,
    "isCache": false,
    "msg": "success"
}