{
    "aliyun_date": "2021/09/02 09:35:42",
    "code": 0,
    "data": [
        {
            "current": 52215.54,
            "dailyChangRate": "-2.04%",
            "dailyChangValue": -1089.2,
            "dealMoney": 0.0,
            "indexArea": "美洲",
            "indexCode": "MXX",
            "indexName": "墨西哥",
            "lastClose": 53304.74,
            "sequence": 0
        },
        {
            "current": 20689.58,
            "dailyChangRate": "0.52%",
            "dailyChangValue": 106.64,
            "dealMoney": 0.0,
            "indexArea": "美洲",
            "indexCode": "TSX",
            "indexName": "加拿大",
            "lastClose": 20582.94,
            "sequence": 1
        },
        {
            "current": 35312.53,
            "dailyChangRate": "-0.14%",
            "dailyChangValue": -48.2,
            "dealMoney": 0.0,
            "indexArea": "美洲",
            "indexCode": "DJIA",
            "indexName": "道琼斯",
            "lastClose": 35360.73,
            "sequence": 2
        },
        {
            "current": 4524.09,
            "dailyChangRate": "0.03%",
            "dailyChangValue": 1.41,
            "dealMoney": 0.0,
            "indexArea": "美洲",
            "indexCode": "SPX",
            "indexName": "标普500",
            "lastClose": 4522.68,
            "sequence": 3
        },
        {
            "current": 15309.38,
            "dailyChangRate": "0.33%",
            "dailyChangValue": 50.14,
            "dealMoney": 0.0,
            "indexArea": "美洲",
            "indexCode": "NDX",
            "indexName": "纳斯达克",
            "lastClose": 15259.24,
            "sequence": 4
        },
        {
            "current": 82.03,
            "dailyChangRate": "-0.75%",
            "dailyChangValue": -0.62,
            "dealMoney": 492449312.0,
            "indexArea": "美洲",
            "indexCode": "XOP",
            "indexName": "油气XOP",
            "lastClose": 82.65,
            "sequence": 5
        },
        {
            "current": 119396.0,
            "dailyChangRate": "0.52%",
            "dailyChangValue": 615.0,
            "dealMoney": 0.0,
            "indexArea": "美洲",
            "indexCode": "BVSP",
            "indexName": "巴西",
            "lastClose": 118781.0,
            "sequence": 6
        }
    ],
    "duration": 0.4343,
    "isCache": false,
    "msg": "success"
}