{
    "aliyun_date": "2021/09/02 09:37:42",
    "code": 0,
    "data": {
        "exchanges": [
            {
                "current": 6.4587,
                "dailyChangRate": "0.11%",
                "dailyChangValue": 0.007,
                "dealMoney": 0.0,
                "indexArea": "外汇",
                "indexCode": "USDCNH",
                "indexName": "离岸汇率",
                "lastClose": 6.4517,
                "sequence": 0
            },
            {
                "current": 6.4614,
                "dailyChangRate": "0.02%",
                "dailyChangValue": 0.0015,
                "dealMoney": 0.0,
                "indexArea": "外汇",
                "indexCode": "USDCNY",
                "indexName": "美元汇率",
                "lastClose": 6.4599,
                "sequence": 1
            },
            {
                "current": 5.1162,
                "dailyChangRate": "-0.03%",
                "dailyChangValue": -0.0013,
                "dealMoney": 0.0,
                "indexArea": "外汇",
                "indexCode": "CADCNY",
                "indexName": "加元汇率",
                "lastClose": 5.1175,
                "sequence": 2
            },
            {
                "current": 8.9027,
                "dailyChangRate": "0.11%",
                "dailyChangValue": 0.0094,
                "dealMoney": 0.0,
                "indexArea": "外汇",
                "indexCode": "GBPCNY",
                "indexName": "英镑汇率",
                "lastClose": 8.8933,
                "sequence": 3
            },
            {
                "current": 7.6536,
                "dailyChangRate": "0.09%",
                "dailyChangValue": 0.0071,
                "dealMoney": 0.0,
                "indexArea": "外汇",
                "indexCode": "EURCNY",
                "indexName": "欧元汇率",
                "lastClose": 7.6465,
                "sequence": 4
            },
            {
                "current": 4.7584,
                "dailyChangRate": "0.02%",
                "dailyChangValue": 0.0011,
                "dealMoney": 0.0,
                "indexArea": "外汇",
                "indexCode": "AUDCNY",
                "indexName": "澳元汇率",
                "lastClose": 4.7573,
                "sequence": 5
            },
            {
                "current": 0.8313,
                "dailyChangRate": "0.14%",
                "dailyChangValue": 0.0012,
                "dealMoney": 0.0,
                "indexArea": "外汇",
                "indexCode": "HKDCNY",
                "indexName": "港元汇率",
                "lastClose": 0.8301,
                "sequence": 6
            },
            {
                "current": 0.2331,
                "dailyChangRate": "0.17%",
                "dailyChangValue": 0.0004,
                "dealMoney": 0.0,
                "indexArea": "外汇",
                "indexCode": "TWDCNY",
                "indexName": "台币汇率",
                "lastClose": 0.2327,
                "sequence": 7
            },
            {
                "current": 0.0588,
                "dailyChangRate": "0.17%",
                "dailyChangValue": 0.0001,
                "dealMoney": 0.0,
                "indexArea": "外汇",
                "indexCode": "JPYCNY",
                "indexName": "日元汇率",
                "lastClose": 0.0587,
                "sequence": 8
            },
            {
                "current": 0.0056,
                "dailyChangRate": "0.00%",
                "dailyChangValue": 0.0,
                "dealMoney": 0.0,
                "indexArea": "外汇",
                "indexCode": "KRWCNY",
                "indexName": "韩元汇率",
                "lastClose": 0.0056,
                "sequence": 9
            }
        ],
        "goods": [
            {
                "current": 15178.8,
                "dailyChangRate": "0.58%",
                "dailyChangValue": 86.8,
                "dealMoney": 0.0,
                "indexArea": "期货",
                "indexCode": "A50CFD",
                "indexName": "富时A50",
                "lastClose": 15092.0,
                "sequence": 0
            },
            {
                "current": 1817.85,
                "dailyChangRate": "0.10%",
                "dailyChangValue": 1.85,
                "dealMoney": 0.0,
                "indexArea": "期货",
                "indexCode": "GC",
                "indexName": "纽约黄金",
                "lastClose": 1816.0,
                "sequence": 1
            },
            {
                "current": 24.253,
                "dailyChangRate": "0.13%",
                "dailyChangValue": 0.032,
                "dealMoney": 0.0,
                "indexArea": "期货",
                "indexCode": "SI",
                "indexName": "纽约白银",
                "lastClose": 24.221,
                "sequence": 2
            },
            {
                "current": 377.4802,
                "dailyChangRate": "0.21%",
                "dailyChangValue": 0.7928,
                "dealMoney": 0.0,
                "indexArea": "期货",
                "indexCode": "GOLD",
                "indexName": "工行黄金",
                "lastClose": 376.6874,
                "sequence": 3
            },
            {
                "current": 5.0362,
                "dailyChangRate": "0.24%",
                "dailyChangValue": 0.0121,
                "dealMoney": 0.0,
                "indexArea": "期货",
                "indexCode": "SILVER",
                "indexName": "工行白银",
                "lastClose": 5.0241,
                "sequence": 4
            },
            {
                "current": 68.053,
                "dailyChangRate": "-0.78%",
                "dailyChangValue": -0.537,
                "dealMoney": 0.0,
                "indexArea": "期货",
                "indexCode": "CL",
                "indexName": "纽约原油",
                "lastClose": 68.59,
                "sequence": 5
            }
        ]
    },
    "duration": 0.1233,
    "isCache": false,
    "msg": "success"
}