{
    "aliyun_date": "2021/09/02 09:35:42",
    "code": 0,
    "data": [
        {
            "name": "国债",
            "symbol": "bond",
            "value": [
                {
                    "current": "2.65%",
                    "dailyChangRate": "0.00%",
                    "dailyChangValue": 0.0,
                    "dealMoney": 0.0,
                    "indexArea": "债券",
                    "indexCode": "5YEAR",
                    "indexName": "5年国债",
                    "lastClose": "2.65%",
                    "sequence": 0,
                    "year": 5
                },
                {
                    "current": "2.83%",
                    "dailyChangRate": "0.00%",
                    "dailyChangValue": 0.0,
                    "dealMoney": 0.0,
                    "indexArea": "债券",
                    "indexCode": "7YEAR",
                    "indexName": "7年国债",
                    "lastClose": "2.83%",
                    "sequence": 1,
                    "year": 7
                },
                {
                    "current": "2.82%",
                    "dailyChangRate": "0.00%",
                    "dailyChangValue": 0.0,
                    "dealMoney": 0.0,
                    "indexArea": "债券",
                    "indexCode": "10YEAR",
                    "indexName": "10年国债",
                    "lastClose": "2.82%",
                    "sequence": 2,
                    "year": 10
                }
            ]
        },
        {
            "name": "货币基金",
            "symbol": "fund",
            "value": [
                {
                    "current": "2.47%",
                    "dailyChangRate": "0.00%",
                    "dailyChangValue": 0.0,
                    "dealMoney": 0.0,
                    "indexArea": "货基",
                    "indexCode": "003474",
                    "indexName": "天天利B",
                    "lastClose": "2.47%",
                    "sequence": 0
                }
            ]
        },
        {
            "name": "混合债券",
            "symbol": "plan",
            "value": [
                {
                    "current": "2.81%",
                    "dailyChangRate": "0.0%",
                    "dailyChangValue": 0.0,
                    "dealMoney": 0.0,
                    "indexArea": "组合",
                    "indexCode": "CSI1021",
                    "indexName": "钉钉宝90",
                    "lastClose": 0,
                    "nav": 1.054,
                    "sequence": 0
                },
                {
                    "current": "7.30%",
                    "dailyChangRate": "-0.08%",
                    "dailyChangValue": -0.0011,
                    "dealMoney": 0.0,
                    "indexArea": "组合",
                    "indexCode": "CSI1014",
                    "indexName": "稳稳幸福",
                    "lastClose": 0,
                    "nav": 1.3835,
                    "sequence": 1
                },
                {
                    "current": "6.77%",
                    "dailyChangRate": "0.16%",
                    "dailyChangValue": 0.0018,
                    "dealMoney": 0.0,
                    "indexArea": "组合",
                    "indexCode": "CSI1019",
                    "indexName": "钉钉宝365",
                    "lastClose": 0,
                    "nav": 1.1328,
                    "sequence": 2
                }
            ]
        }
    ],
    "duration": 0.7352,
    "isCache": false,
    "msg": "success"
}