{
    "aliyun_date": "2021/09/02 09:37:42",
    "code": 0,
    "data": [
        {
            "name": "涨跌分布",
            "symbol": "zdfb",
            "value": [
                10,
                15,
                49,
                138,
                858,
                2326,
                325,
                40,
                11,
                4
            ]
        },
        {
            "name": "涨跌停",
            "symbol": "zdt",
            "value": [
                {
                    "name": "涨停",
                    "symbol": "zt",
                    "value": 11
                },
                {
                    "name": "跌停",
                    "symbol": "dt",
                    "value": 0
                }
            ]
        },
        {
            "name": "指数涨跌平",
            "symbol": "zdp",
            "value": [
                {
                    "d": 2819,
                    "name": "全市场",
                    "p": 235,
                    "symbol": "all",
                    "z": 1130
                },
                {
                    "d": 778,
                    "name": "创业板综",
                    "p": 20,
                    "symbol": "sz399102",
                    "z": 212
                },
                {
                    "d": 12,
                    "name": "上证50",
                    "p": 2,
                    "symbol": "sh000016",
                    "z": 36
                },
                {
                    "d": 137,
                    "name": "沪深300",
                    "p": 13,
                    "symbol": "sh000300",
                    "z": 150
                },
                {
                    "d": 288,
                    "name": "中证500",
                    "p": 30,
                    "symbol": "sz399905",
                    "z": 182
                },
                {
                    "d": 683,
                    "name": "中证1000",
                    "p": 38,
                    "symbol": "sh000852",
                    "z": 279
                }
            ]
        }
    ],
    "duration": 0.1059,
    "isCache": false,
    "msg": "success"
}